player_name,player_age,team,venue,player_role,runs,wickets
Virat Kohli,35,RCB,M Chinnaswamy Stadium,Batsman,639,0
Rohit Sharma,37,Mumbai Indians,Wankhede Stadium,Batsman,417,0
Jasprit Bumrah,,Mumbai Indians,Wankhede Stadium,Bowler,29,20
Ravindra Jadeja,35,CSK,Chepauk Stadium,Allrounder,267,8
Shubman Gill,,GT,Narendra Modi Stadium,Batsman,426,0
Mohammed Siraj,30,RCB,,Bowler,25,15
Hardik Pandya,30,,Wankhede Stadium,Allrounder,216,11
Sanju Samson,29,Rajasthan Royals,Sawai Mansingh Stadium,Batsman,531,0
Yuzvendra Chahal,,Rajasthan Royals,,Bowler,12,18
Ruturaj Gaikwad,27,CSK,Chepauk Stadium,Batsman,583,0