date,temperature
2026-01-01,24.1
2026-01-02,24.5
2026-01-03,24.8
2026-01-04,25.2
2026-01-05,25.0
2026-01-06,25.6
2026-01-07,26.0
2026-01-08,26.3
2026-01-09,26.1
2026-01-10,26.7
2026-01-11,27.0
2026-01-12,27.4
2026-01-13,27.1
2026-01-14,27.8
2026-01-15,28.0
2026-01-16,27.6
2026-01-17,27.2
2026-01-18,26.9
2026-01-19,27.3
2026-01-20,27.8
2026-01-21,28.2
2026-01-22,28.5
2026-01-23,28.1
2026-01-24,27.7
2026-01-25,27.4
2026-01-26,27.9
2026-01-27,28.3
2026-01-28,28.7
2026-01-29,29.0
2026-01-30,28.6