Danceability,Energy,Loudness,Speechiness,Acousticness,Instrumentalness,Liveness,Valence,Tempo,Popularity
0.61,0.96,-11.69,0.18,0.52,0.09,0.08,0.58,90.31,93
0.92,0.84,-5.64,0.06,0.09,0.12,0.34,0.84,170.26,88
0.8,0.94,-8.86,0.05,0.15,0.26,0.35,0.69,130.53,76
0.73,0.91,-6.91,0.11,0.72,0.1,0.4,0.32,162.65,59
0.49,0.73,-2.92,0.2,0.49,0.05,0.45,0.25,112.0,75
0.49,0.93,-9.51,0.06,0.03,0.17,0.59,0.68,169.55,68
0.43,0.41,-7.9,0.14,0.1,0.28,0.33,0.22,118.92,88
0.88,0.47,-4.44,0.16,0.54,0.21,0.23,0.64,81.08,52
0.73,0.38,-9.71,0.06,0.02,0.17,0.49,0.91,170.54,94
0.79,0.55,-11.23,0.15,0.15,0.03,0.2,0.63,89.13,62
0.41,0.59,-9.1,0.09,0.45,0.18,0.29,0.49,111.93,99
0.93,0.52,-10.39,0.13,0.56,0.3,0.09,0.68,175.01,77
0.86,0.87,-2.7,0.13,0.53,0.04,0.06,0.54,175.06,69
0.52,0.57,-3.92,0.12,0.19,0.16,0.58,0.61,137.34,77
0.5,0.53,-5.67,0.04,0.58,0.26,0.51,0.91,143.18,57
0.5,0.69,-3.29,0.17,0.21,0.22,0.43,0.49,124.84,90
0.57,0.44,-3.96,0.08,0.27,0.21,0.27,0.92,109.32,88
0.69,0.86,-10.13,0.05,0.6,0.21,0.15,0.88,112.87,50
0.64,0.4,-3.07,0.03,0.53,0.11,0.14,0.35,147.25,52
0.56,0.97,-6.61,0.13,0.68,0.09,0.19,0.25,155.24,62
0.74,0.84,-3.93,0.14,0.53,0.24,0.35,0.28,159.16,77
0.48,0.48,-3.04,0.02,0.46,0.24,0.44,0.21,158.96,98
0.56,0.35,-8.82,0.11,0.09,0.26,0.41,0.27,89.12,74
0.6,0.86,-10.9,0.06,0.31,0.27,0.2,0.71,129.44,82
0.65,0.8,-9.72,0.14,0.23,0.15,0.58,0.25,85.76,87
0.83,0.81,-7.73,0.05,0.21,0.15,0.46,0.44,134.95,55
0.51,0.84,-3.82,0.14,0.78,0.24,0.35,0.83,124.15,93
0.68,0.4,-3.39,0.09,0.33,0.19,0.39,0.22,168.77,94
0.73,0.58,-11.93,0.19,0.72,0.21,0.28,0.81,115.09,81
0.43,0.42,-6.89,0.04,0.51,0.24,0.19,0.41,91.71,94
0.73,0.89,-7.83,0.08,0.64,0.27,0.25,0.29,94.3,96
0.49,0.74,-9.78,0.04,0.41,0.1,0.47,0.72,156.15,70
0.44,0.56,-10.8,0.19,0.47,0.11,0.06,0.67,141.82,65
0.92,0.39,-8.62,0.18,0.4,0.03,0.11,0.86,90.11,70
0.93,0.55,-2.57,0.07,0.17,0.17,0.08,0.75,88.41,60
0.84,0.55,-8.77,0.14,0.58,0.01,0.07,0.8,150.1,86
0.57,0.81,-6.81,0.17,0.24,0.14,0.52,0.41,87.28,85
0.45,0.75,-4.97,0.12,0.04,0.16,0.44,0.33,162.19,84
0.78,0.91,-8.36,0.12,0.52,0.09,0.31,0.76,150.62,68
0.64,0.65,-2.28,0.06,0.16,0.18,0.1,0.81,88.13,69
0.47,0.43,-2.38,0.04,0.75,0.01,0.32,0.94,88.48,67
0.67,0.8,-9.48,0.18,0.76,0.01,0.31,0.51,178.66,96
0.42,0.83,-7.03,0.18,0.73,0.25,0.15,0.48,117.43,90
0.9,0.7,-8.99,0.13,0.31,0.11,0.29,0.78,117.06,98
0.54,0.84,-9.15,0.08,0.03,0.04,0.27,0.46,161.28,63
0.76,0.66,-11.63,0.08,0.74,0.16,0.39,0.9,174.72,64
0.57,0.68,-5.9,0.15,0.35,0.23,0.4,0.84,178.6,80
0.69,0.62,-6.97,0.18,0.77,0.06,0.07,0.52,155.34,50
0.7,0.37,-11.49,0.18,0.77,0.19,0.26,0.76,117.63,52
0.5,0.42,-9.21,0.16,0.69,0.03,0.39,0.77,88.35,65
